{
  "lang":"en",
  "name":"pipeline",
  "version":"0.0.0",
  "spacy_version":">=3.0.7,<3.1.0",
  "description":"",
  "author":"",
  "email":"",
  "url":"",
  "license":"",
  "spacy_git_version":"034ac0acf",
  "vectors":{
    "width":0,
    "vectors":0,
    "keys":0,
    "name":null
  },
  "labels":{
    "tok2vec":[

    ],
    "ner":[
      "LOCATION",
      "MISCELLANEOUS",
      "ORGANIZATION",
      "PERSON"
    ]
  },
  "pipeline":[
    "tok2vec",
    "ner"
  ],
  "components":[
    "tok2vec",
    "ner"
  ],
  "disabled":[

  ],
  "performance":{
    "ents_f":0.9982494223,
    "ents_p":0.9983193277,
    "ents_r":0.9981795267,
    "ents_per_type":{
      "ORGANIZATION":{
        "p":0.9967213115,
        "r":0.9967213115,
        "f":0.9967213115
      },
      "PERSON":{
        "p":0.9995337995,
        "r":0.9995337995,
        "f":0.9995337995
      },
      "LOCATION":{
        "p":0.9986644407,
        "r":0.998997996,
        "f":0.9988311905
      },
      "MISCELLANEOUS":{
        "p":0.9941176471,
        "r":0.9825581395,
        "f":0.9883040936
      }
    },
    "tok2vec_loss":1463.7412922858,
    "ner_loss":188.2028018986
  }
}