{
  "lang":"en",
  "name":"pipeline",
  "version":"0.0.0",
  "spacy_version":">=3.0.7,<3.1.0",
  "description":"",
  "author":"",
  "email":"",
  "url":"",
  "license":"",
  "spacy_git_version":"034ac0acf",
  "vectors":{
    "width":0,
    "vectors":0,
    "keys":0,
    "name":null
  },
  "labels":{
    "tok2vec":[

    ],
    "ner":[
      "LOCATION",
      "MISCELLANEOUS",
      "ORGANIZATION",
      "PERSON"
    ]
  },
  "pipeline":[
    "tok2vec",
    "ner"
  ],
  "components":[
    "tok2vec",
    "ner"
  ],
  "disabled":[

  ],
  "performance":{
    "ents_f":0.76355478,
    "ents_p":0.7694046722,
    "ents_r":0.7577931717,
    "ents_per_type":{
      "PERSON":{
        "p":0.7324758842,
        "r":0.8277616279,
        "f":0.7772091436
      },
      "LOCATION":{
        "p":0.8514285714,
        "r":0.802153432,
        "f":0.8260568261
      },
      "ORGANIZATION":{
        "p":0.7344444444,
        "r":0.6570576541,
        "f":0.6935991605
      },
      "MISCELLANEOUS":{
        "p":0.5634920635,
        "r":0.408045977,
        "f":0.4733333333
      }
    },
    "tok2vec_loss":1886.2425343828,
    "ner_loss":483.5657364475
  }
}