{
  "lang":"en",
  "name":"pipeline",
  "version":"0.0.0",
  "spacy_version":">=3.0.7,<3.1.0",
  "description":"",
  "author":"",
  "email":"",
  "url":"",
  "license":"",
  "spacy_git_version":"034ac0acf",
  "vectors":{
    "width":0,
    "vectors":0,
    "keys":0,
    "name":null
  },
  "labels":{
    "tok2vec":[

    ],
    "ner":[
      "LOCATION",
      "MISCELLANEOUS",
      "ORGANIZATION",
      "PERSON"
    ]
  },
  "pipeline":[
    "tok2vec",
    "ner"
  ],
  "components":[
    "tok2vec",
    "ner"
  ],
  "disabled":[

  ],
  "performance":{
    "ents_f":0.7673663168,
    "ents_p":0.775113579,
    "ents_r":0.7597723899,
    "ents_per_type":{
      "PERSON":{
        "p":0.7439423707,
        "r":0.8255813953,
        "f":0.7826386497
      },
      "LOCATION":{
        "p":0.8239339752,
        "r":0.8061911171,
        "f":0.8149659864
      },
      "ORGANIZATION":{
        "p":0.7816901408,
        "r":0.662027833,
        "f":0.7168998924
      },
      "MISCELLANEOUS":{
        "p":0.5503875969,
        "r":0.408045977,
        "f":0.4686468647
      }
    },
    "tok2vec_loss":1760.9478601625,
    "ner_loss":541.7924772822
  }
}